<?xml version="1.0" encoding="UTF-8"?>
<beans xmlns="http://www.springframework.org/schema/beans"
       xmlns:xsi="http://www.w3.org/2001/XMLSchema-instance" xmlns:p="http://www.springframework.org/schema/p"
       xmlns:mvc="http://www.springframework.org/schema/mvc"
       xmlns:context="http://www.springframework.org/schema/context"
       xsi:schemaLocation="
        http://www.springframework.org/schema/beans
        http://www.springframework.org/schema/beans/spring-beans.xsd
        http://www.springframework.org/schema/mvc
        http://www.springframework.org/schema/mvc/spring-mvc.xsd
        http://www.springframework.org/schema/context
        http://www.springframework.org/schema/context/spring-context.xsd">

    <!-- 注解扫描 bean容器的注入 -->
    <context:component-scan base-package="com.licyun.controller"/>

    <!-- 配置Controller使用前提 -->
    <mvc:annotation-driven />

    <!-- 国际化的消息资源文件（本系统中主要用于显示/错误消息定制） -->
    <bean id="messageSource"
          class="org.springframework.context.support.ResourceBundleMessageSource">
        <property name="basenames">
            <list>
                <value>message</value>
            </list>
        </property>
    </bean>

    <bean id="viewResolver" class="org.springframework.web.servlet.view.InternalResourceViewResolver">
        <property name="prefix" value="/WEB-INF/pages/"/>
        <property name="suffix" value=".jsp"/>
    </bean>

    <bean id="multipartResolver" class="org.springframework.web.multipart.commons.CommonsMultipartResolver">
        <property name="defaultEncoding" value="UTF-8"/>
        <property name="maxUploadSize" value="2000000"/>
    </bean>

    <mvc:resources mapping="/static/**" location="/WEB-INF/static/"/>
    <mvc:resources mapping="/upload/**" location="/WEB-INF/upload/"/>

    <mvc:default-servlet-handler />


    <!-- 登录拦截器 -->
    <mvc:interceptors>
        <mvc:interceptor>
            <!-- 管理员登录拦截 -->
            <mvc:mapping path="/admin"/>
            <mvc:mapping path="/admin/*"/>
            <mvc:exclude-mapping path="/admin/login"/>
            <bean class="com.licyun.interceptor.AdminInterceptor"></bean>
        </mvc:interceptor>
        <mvc:interceptor>
            <!-- 用户登录拦截 -->
            <mvc:mapping path="/user"/>
            <mvc:mapping path="/user/*"/>
            <mvc:exclude-mapping path="/user/login"/>
            <mvc:exclude-mapping path="/user/register"/>
            <bean class="com.licyun.interceptor.UserInterceptor"></bean>
        </mvc:interceptor>
    </mvc:interceptors>

</beans>